Time,ARG,AUS,AUT,BEL,BGR,BRA,CAN,CHE,CHL,CHN,COL,CRI,CYP,CZE,DEU,DNK,ESP,EST,FIN,FRA,GBR,GRC,HRV,HUN,IDN,IND,IRL,ISL,ISR,ITA,JPN,KOR,LTU,LUX,LVA,MEX,MLT,NLD,NOR,NZL,POL,PRT,ROU,RUS,SAU,SGP,SVK,SVN,SWE,TUR,USA,ZAF
2010-12-31,40788453,22031750,8361069,10895591,7395598,194890682,34004889,7824910,17063927,1348191369,44086292,4533894,829444,10517247,81776936,5543819,46562483,1331475,5363341,64773169,62759456,11121344,4295427,10000020,241834226,1240613620,4554763,318044,7623561,59819402,128057352,49554112,3097282,506953,2097553,113748671,414509,16615390,4889253,4350700,38516689,10573100,20246798,142389969,27410508,3771721,5431024,2049261,9378131,73142162,309327143,51095503
2011-01-31,40827872,22057439,8363357,10903759,7391658,195033436,34032758,7832200,17079779,1348933378,44125219,4538748,831230,10515532,81651773,5545738,46576964,1331138,5365418,64799348,62803263,11119973,4294193,9996587,242107706,1242030917,4556440,318124,7635416,59836688,128038758,49585989,3091518,507902,2094399,113883569,414655,16621863,4894572,4353475,38517437,10573219,20238536,142437547,27474065,3773181,5428304,2049530,9384054,73232285,309515171,51161619
2011-02-28,40867292,22083129,8365646,10911927,7387719,195176190,34060628,7839491,17095632,1349675387,44164146,4543603,833017,10513817,81526610,5547658,46591445,1330802,5367496,64825527,62847070,11118603,4292959,9993154,242381186,1243448215,4558117,318205,7647272,59853975,128020165,49617866,3085754,508852,2091245,114018467,414801,16628337,4899892,4356250,38518185,10573339,20230274,142485126,27537622,3774642,5425584,2049800,9389978,73322408,309703199,51227735
2011-03-31,40906712,22108818,8367935,10920095,7383780,195318944,34088498,7846781,17111485,1350417396,44203073,4548457,834803,10512103,81401447,5549578,46605926,1330466,5369573,64851706,62890878,11117233,4291725,9989721,242654666,1244865512,4559794,318285,7659128,59871262,128001572,49649743,3079990,509802,2088092,114153366,414947,16634811,4905212,4359025,38518934,10573458,20222012,142532704,27601179,3776103,5422864,2050069,9395902,73412532,309891227,51293851
2011-04-30,40946132,22134508,8370224,10928263,7379841,195461698,34116368,7854072,17127337,1351159405,44242000,4553312,836590,10510388,81276284,5551498,46620407,1330129,5371651,64877885,62934685,11115862,4290492,9986288,242928146,1246282810,4561471,318366,7670984,59888549,127982979,49681620,3074226,510752,2084938,114288264,415094,16641284,4910531,4361800,38519682,10573578,20213751,142580283,27664737,3777564,5420144,2050339,9401826,73502655,310079255,51359967
2011-05-31,40985551,22160197,8372512,10936431,7375901,195604452,34144238,7861362,17143190,1351901414,44280927,4558166,838376,10508674,81151121,5553417,46634888,1329793,5373728,64904064,62978493,11114492,4289258,9982855,243201626,1247700107,4563148,318446,7682840,59905836,127964385,49713497,3068462,511702,2081785,114423163,415240,16647758,4915851,4364575,38520431,10573697,20205489,142627861,27728294,3779025,5417424,2050608,9407749,73592778,310267283,51426083
2011-06-30,41024971,22185887,8374801,10944600,7371962,195747207,34172108,7868653,17159043,1352643423,44319854,4563021,840163,10506959,81025958,5555337,46649370,1329457,5375806,64930243,63022300,11113122,4288024,9979422,243475107,1249117405,4564825,318527,7694696,59923123,127945792,49745375,3062698,512652,2078631,114558061,415386,16654232,4921171,4367350,38521179,10573817,20197227,142675440,27791851,3780486,5414704,2050878,9413673,73682902,310455312,51492200
2011-07-31,41064391,22211576,8377090,10952768,7368023,195889961,34199978,7875943,17174895,1353385432,44358781,4567876,841949,10505244,80900795,5557257,46663851,1329120,5377884,64956422,63066107,11111751,4286790,9975989,243748587,1250534702,4566502,318608,7706552,59940409,127927199,49777252,3056934,513601,2075477,114692959,415532,16660705,4926490,4370125,38521927,10573937,20188965,142723018,27855408,3781946,5411984,2051148,9419597,73773025,310643340,51558316
2011-08-31,41103811,22237266,8379379,10960936,7364084,196032715,34227848,7883234,17190748,1354127441,44397708,4572730,843736,10503530,80775632,5559177,46678332,1328784,5379961,64982601,63109915,11110381,4285557,9972556,244022067,1251952000,4568179,318688,7718408,59957696,127908606,49809129,3051170,514551,2072324,114827858,415679,16667179,4931810,4372900,38522676,10574056,20180704,142770597,27918966,3783407,5409264,2051417,9425521,73863148,310831368,51624432
2011-09-30,41143230,22262955,8381667,10969104,7360144,196175469,34255718,7890524,17206601,1354869450,44436635,4577585,845522,10501815,80650469,5561096,46692813,1328448,5382039,65008780,63153722,11109011,4284323,9969123,244295547,1253369297,4569856,318769,7730264,59974983,127890012,49841006,3045406,515501,2069170,114962756,415825,16673653,4937130,4375675,38523424,10574176,20172442,142818175,27982523,3784868,5406544,2051687,9431444,73953272,311019396,51690548
2011-10-31,41182650,22288645,8383956,10977272,7356205,196318223,34283588,7897815,17222453,1355611459,44475562,4582439,847309,10500101,80525306,5563016,46707294,1328111,5384116,65034959,63197530,11107640,4283089,9965690,244569027,1254786595,4571533,318849,7742120,59992270,127871419,49872883,3039642,516451,2066017,115097655,415971,16680126,4942449,4378450,38524173,10574295,20164180,142865754,28046080,3786329,5403824,2051956,9437368,74043395,311207424,51756664
2011-11-30,41222070,22314334,8386245,10985440,7352266,196460977,34311458,7905105,17238306,1356353468,44514489,4587294,849095,10498386,80400143,5564936,46721775,1327775,5386194,65061138,63241337,11106270,4281855,9962257,244842507,1256203892,4573210,318930,7753976,60009557,127852826,49904760,3033878,517401,2062863,115232553,416117,16686600,4947769,4381225,38524921,10574415,20155918,142913332,28109637,3787790,5401104,2052226,9443292,74133518,311395452,51822780
2011-12-31,41261490,22340024,8388534,10993609,7348327,196603732,34339328,7912396,17254159,1357095477,44553416,4592149,850882,10496672,80274981,5566856,46736257,1327439,5388272,65087317,63285145,11104900,4280622,9958824,245115988,1257621190,4574888,319011,7765832,60026844,127834233,49936638,3028115,518351,2059710,115367452,416264,16693074,4953089,4384000,38525670,10574535,20147657,142960911,28173195,3789251,5398384,2052496,9449216,74223642,311583481,51888897
2012-01-31,41300805,22372810,8391682,10999787,7344790,196746332,34370569,7919434,17269936,1357884255,44590762,4597174,851970,10497723,80287551,5568541,46738769,1327043,5390413,65113623,63320135,11099909,4279533,9955619,245393965,1259026692,4576455,319153,7777889,60040543,127814101,49958572,3024753,519401,2057594,115498136,416578,16698231,4958546,4386008,38526346,10570942,20140367,142980978,28233498,3791663,5399150,2052809,9455062,74302991,311774662,51956426
2012-02-29,41340120,22405597,8394830,11005965,7341253,196888932,34401810,7926473,17285714,1358673033,44628108,4602200,853059,10498774,80300121,5570227,46741281,1326648,5392554,65139930,63355125,11094918,4278444,9952414,245671942,1260432194,4578022,319296,7789947,60054243,127793970,49980507,3021391,520451,2055479,115628821,416892,16703388,4964003,4388016,38527023,10567349,20133077,143001046,28293802,3794076,5399916,2053123,9460909,74382341,311965844,52023956
2012-03-31,41379435,22438384,8397978,11012143,7337717,197031532,34433051,7933512,17301492,1359461812,44665454,4607226,854147,10499825,80312692,5571913,46743793,1326253,5394695,65166237,63390116,11089927,4277356,9949209,245949919,1261837696,4579590,319439,7802005,60067943,127773839,50002441,3018029,521501,2053363,115759506,417206,16708546,4969460,4390025,38527699,10563756,20125788,143021113,28354106,3796489,5400682,2053437,9466756,74461690,312157026,52091486
2012-04-30,41418750,22471171,8401126,11018322,7334180,197174132,34464292,7940551,17317269,1360250590,44702801,4612252,855236,10500876,80325262,5573599,46746305,1325858,5396837,65192544,63425106,11084936,4276267,9946004,246227896,1263243199,4581157,319581,7814063,60081643,127753707,50024376,3014667,522551,2051248,115890191,417520,16713703,4974917,4392033,38528376,10560163,20118498,143041181,28414410,3798902,5401449,2053751,9472603,74541040,312348208,52159015
2012-05-31,41458065,22503957,8404274,11024500,7330644,197316732,34495533,7947589,17333047,1361039369,44740147,4617277,856324,10501927,80337833,5575284,46748817,1325462,5398978,65218850,63460097,11079945,4275178,9942799,246505873,1264648701,4582725,319724,7826120,60095343,127733576,50046310,3011305,523601,2049132,116020876,417834,16718861,4980374,4394041,38529052,10556570,20111209,143061248,28474713,3801315,5402215,2054065,9478450,74620389,312539389,52226545
2012-06-30,41497380,22536744,8407422,11030678,7327107,197459333,34526775,7954628,17348825,1361828147,44777493,4622303,857413,10502979,80350403,5576970,46751330,1325067,5401119,65245157,63495087,11074955,4274090,9939594,246783851,1266054203,4584292,319867,7838178,60109043,127713445,50068245,3007944,524651,2047017,116151561,418148,16724018,4985831,4396050,38529729,10552977,20103919,143081316,28535017,3803728,5402981,2054379,9484297,74699739,312730571,52294075
2012-07-31,41536695,22569531,8410570,11036856,7323570,197601933,34558016,7961667,17364602,1362616925,44814839,4627329,858502,10504030,80362973,5578656,46753842,1324672,5403260,65271464,63530077,11069964,4273001,9936389,247061828,1267459705,4585859,320009,7850236,60122743,127693313,50090180,3004582,525701,2044901,116282245,418462,16729175,4991288,4398058,38530406,10549384,20096629,143101383,28595321,3806140,5403747,2054692,9490144,74779088,312921753,52361604
2012-08-31,41576010,22602318,8413718,11043035,7320034,197744533,34589257,7968706,17380380,1363405704,44852186,4632355,859590,10505081,80375544,5580342,46756354,1324277,5405402,65297771,63565068,11064973,4271912,9933184,247339805,1268865208,4587427,320152,7862294,60136443,127673182,50112114,3001220,526751,2042786,116412930,418776,16734333,4996745,4400066,38531082,10545791,20089340,143121451,28655625,3808553,5404514,2055006,9495991,74858438,313112935,52429134
2012-09-30,41615325,22635104,8416866,11049213,7316497,197887133,34620498,7975744,17396158,1364194482,44889532,4637380,860679,10506132,80388114,5582027,46758866,1323881,5407543,65324077,63600058,11059982,4270824,9929979,247617782,1270270710,4588994,320295,7874351,60150143,127653051,50134049,2997858,527801,2040670,116543615,419090,16739490,5002202,4402075,38531759,10542198,20082050,143141518,28715928,3810966,5405280,2055320,9501838,74937787,313304116,52496664
2012-10-31,41654640,22667891,8420014,11055391,7312961,198029733,34651739,7982783,17411935,1364983261,44926878,4642406,861767,10507183,80400685,5583713,46761378,1323486,5409684,65350384,63635049,11054991,4269735,9926774,247895759,1271676212,4590562,320437,7886409,60163843,127632919,50155983,2994496,528851,2038555,116674300,419404,16744648,5007659,4404083,38532435,10538605,20074761,143161586,28776232,3813379,5406046,2055634,9507685,75017137,313495298,52564193
2012-11-30,41693955,22700678,8423162,11061569,7309424,198172333,34682980,7989822,17427713,1365772039,44964224,4647432,862856,10508234,80413255,5585399,46763890,1323091,5411825,65376691,63670039,11050000,4268646,9923569,248173736,1273081714,4592129,320580,7898467,60177543,127612788,50177918,2991134,529901,2036439,116804985,419718,16749805,5013116,4406091,38533112,10535012,20067471,143181653,28836536,3815792,5406812,2055948,9513532,75096486,313686480,52631723
2012-12-31,41733271,22733465,8426311,11067748,7305888,198314934,34714222,7996861,17443491,1366560818,45001571,4652458,863945,10509286,80425826,5587085,46766403,1322696,5413967,65402998,63705030,11045010,4267558,9920364,248451714,1274487217,4593697,320723,7910525,60191243,127592657,50199853,2987773,530952,2034324,116935670,420033,16754963,5018574,4408100,38533789,10531419,20060182,143201721,28896840,3818205,5407579,2056262,9519379,75175836,313877662,52699253
2013-01-31,41772409,22766353,8430554,11072521,7302490,198455705,34744949,8004568,17457525,1367355775,45037685,4657517,863777,10509405,80444140,5588893,46751972,1322304,5416051,65430744,63738415,11038359,4266568,9918090,248731180,1275874287,4595444,320976,7922935,60201274,127577759,50218939,2985266,531985,2032517,117062191,420527,16759085,5023707,4410933,38531172,10526633,20054224,143227160,28956525,3820417,5408063,2056499,9526128,75256819,314059519,52768014
2013-02-28,41811548,22799242,8434797,11077295,7299092,198596476,34775677,8012275,17471559,1368150732,45073799,4662576,863610,10509524,80462455,5590701,46737541,1321912,5418135,65458491,63771800,11031709,4265579,9915817,249010647,1277261358,4597192,321229,7935346,60211305,127562862,50238026,2982759,533019,2030711,117188713,421022,16763207,5028840,4413766,38528556,10521847,20048267,143252600,29016210,3822629,5408547,2056737,9532878,75337802,314241376,52836775
2013-03-31,41850687,22832131,8439040,11082069,7295694,198737247,34806405,8019982,17485593,1368945690,45109913,4667635,863443,10509644,80480770,5592509,46723111,1321521,5420219,65486238,63805186,11025059,4264590,9913543,249290114,1278648429,4598940,321483,7947757,60221336,127547964,50257113,2980252,534053,2028904,117315234,421516,16767329,5033973,4416600,38525940,10517061,20042310,143278039,29075896,3824841,5409032,2056975,9539627,75418785,314423233,52905536
2013-04-30,41889825,22865019,8443284,11086843,7292296,198878018,34837132,8027689,17499628,1369740647,45146028,4672694,863276,10509763,80499085,5594318,46708680,1321129,5422303,65513985,63838571,11018409,4263601,9911270,249569580,1280035500,4600687,321736,7960168,60231367,127533067,50276199,2977745,535087,2027098,117441756,422011,16771452,5039106,4419433,38523324,10512276,20036352,143303479,29135581,3827053,5409516,2057212,9546377,75499768,314605090,52974297
2013-05-31,41928964,22897908,8447527,11091616,7288898,199018789,34867860,8035396,17513662,1370535604,45182142,4677753,863108,10509883,80517400,5596126,46694250,1320738,5424387,65541732,63871956,11011759,4262612,9908996,249849047,1281422571,4602435,321989,7972579,60241398,127518169,50295286,2975238,536121,2025291,117568277,422505,16775574,5044239,4422266,38520708,10507490,20030395,143328918,29195266,3829265,5410001,2057450,9553126,75580751,314786947,53043058
2013-06-30,41968103,22930797,8451770,11096390,7285501,199159561,34898588,8043103,17527696,1371330562,45218256,4682813,862941,10510002,80535715,5597934,46679819,1320346,5426471,65569479,63905342,11005109,4261623,9906723,250128514,1282809642,4604183,322243,7984990,60251429,127503272,50314373,2972731,537155,2023485,117694799,423000,16779696,5049372,4425100,38518092,10502704,20024438,143354358,29254952,3831478,5410485,2057688,9559876,75661735,314968804,53111819
2013-07-31,42007241,22963685,8456013,11101164,7282103,199300332,34929315,8050810,17541730,1372125519,45254370,4687872,862774,10510121,80554030,5599742,46665388,1319954,5428555,65597226,63938727,10998459,4260634,9904450,250407980,1284196712,4605930,322496,7997401,60261460,127488375,50333459,2970224,538188,2021679,117821321,423495,16783818,5054505,4427933,38515476,10497918,20018480,143379797,29314637,3833690,5410969,2057925,9566626,75742718,315150661,53180580
2013-08-31,42046380,22996574,8460257,11105938,7278705,199441103,34960043,8058517,17555765,1372920476,45290485,4692931,862607,10510241,80572345,5601551,46650958,1319563,5430639,65624973,63972112,10991809,4259645,9902176,250687447,1285583783,4607678,322749,8009812,60271491,127473477,50352546,2967717,539222,2019872,117947842,423989,16787941,5059638,4430766,38512860,10493133,20012523,143405237,29374322,3835902,5411454,2058163,9573375,75823701,315332518,53249341
2013-09-30,42085519,23029463,8464500,11110711,7275307,199581874,34990771,8066224,17569799,1373715434,45326599,4697990,862439,10510360,80590660,5603359,46636527,1319171,5432723,65652720,64005498,10985159,4258656,9899903,250966914,1286970854,4609426,323003,8022223,60281522,127458580,50371633,2965210,540256,2018066,118074364,424484,16792063,5064771,4433600,38510244,10488347,20006566,143430676,29434008,3838114,5411938,2058401,9580125,75904684,315514375,53318102
2013-10-31,42124657,23062351,8468743,11115485,7271909,199722645,35021498,8073931,17583833,1374510391,45362713,4703049,862272,10510480,80608975,5605167,46622097,1318780,5434807,65680467,64038883,10978509,4257667,9897629,251246380,1288357925,4611173,323256,8034634,60291553,127443682,50390719,2962703,541290,2016259,118200885,424978,16796185,5069904,4436433,38507628,10483561,20000608,143456116,29493693,3840326,5412423,2058638,9586874,75985667,315696232,53386863
2013-11-30,42163796,23095240,8472986,11120259,7268511,199863416,35052226,8081638,17597867,1375305348,45398827,4708108,862105,10510599,80627290,5606975,46607666,1318388,5436891,65708214,64072268,10971859,4256678,9895356,251525847,1289744996,4612921,323509,8047045,60301584,127428785,50409806,2960196,542324,2014453,118327407,425473,16800307,5075037,4439266,38505012,10478775,19994651,143481555,29553378,3842538,5412907,2058876,9593624,76066650,315878089,53455624
2013-12-31,42202935,23128129,8477230,11125033,7265114,200004188,35082954,8089346,17611902,1376100306,45434942,4713168,861938,10510719,80645605,5608784,46593236,1317997,5438975,65735961,64105654,10965209,4255689,9893083,251805314,1291132067,4614669,323763,8059456,60311616,127413888,50428893,2957689,543358,2012647,118453929,425968,16804430,5080171,4442100,38502396,10473990,19988694,143506995,29613064,3844751,5413392,2059114,9600374,76147634,316059947,53524385
2014-01-31,42241815,23157092,8482788,11129595,7261682,200146967,35112494,8097621,17626544,1376857752,45470864,4718164,861152,10511891,80673679,5611361,46581726,1317709,5440852,65781020,64146578,10959142,4254247,9890864,252082210,1292474937,4617233,324064,8072473,60312373,127399159,50455373,2955578,544438,2011075,118577469,426683,16809478,5084942,4448300,38500859,10469458,19982673,143533050,29673624,3846916,5413830,2059323,9608351,76233822,316253812,53594805
2014-02-28,42280695,23186055,8488347,11134157,7258251,200289746,35142034,8105896,17641187,1377615199,45506786,4723161,860366,10513063,80701753,5613939,46570217,1317421,5442730,65826079,64187503,10953076,4252805,9888646,252359107,1293817807,4619797,324365,8085491,60313131,127384431,50481854,2953468,545518,2009503,118701009,427399,16814526,5089713,4454500,38499322,10464926,19976653,143559105,29734185,3849082,5414268,2059532,9616329,76320010,316447677,53665226
2014-03-31,42319576,23215018,8493905,11138719,7254819,200432526,35171574,8114171,17655830,1378372646,45542709,4728158,859581,10514235,80729827,5616517,46558707,1317134,5444608,65871138,64228428,10947010,4251364,9886428,252636004,1295160678,4622361,324667,8098509,60313889,127369703,50508334,2951358,546599,2007931,118824549,428115,16819574,5094485,4460700,38497786,10460394,19970633,143585160,29794746,3851248,5414706,2059741,9624306,76406199,316641542,53735647
2014-04-30,42358456,23243981,8499464,11143281,7251388,200575305,35201114,8122446,17670473,1379130093,45578631,4733155,858795,10515407,80757901,5619095,46547198,1316846,5446485,65916197,64269353,10940944,4249922,9884210,252912901,1296503548,4624926,324968,8111526,60314646,127354975,50534815,2949248,547679,2006359,118948089,428831,16824622,5099256,4466900,38496249,10455862,19964613,143611215,29855307,3853413,5415144,2059950,9632284,76492387,316835407,53806068
2014-05-31,42397337,23272944,8505022,11147843,7247956,200718085,35230654,8130721,17685116,1379887539,45614553,4738151,858010,10516579,80785975,5621673,46535688,1316558,5448363,65961256,64310278,10934878,4248480,9881992,253189798,1297846419,4627490,325269,8124544,60315404,127340247,50561295,2947138,548759,2004787,119071629,429546,16829670,5104027,4473100,38494713,10451330,19958592,143637270,29915868,3855579,5415582,2060159,9640261,76578575,317029272,53876489
2014-06-30,42436217,23301907,8510581,11152405,7244525,200860864,35260194,8138996,17699759,1380644986,45650476,4743148,857224,10517751,80814050,5624251,46524179,1316271,5450241,66006316,64351203,10928812,4247039,9879774,253466695,1299189289,4630054,325571,8137562,60316162,127325519,50587776,2945028,549840,2003216,119195170,430262,16834719,5108799,4479300,38493176,10446798,19952572,143663326,29976429,3857745,5416020,2060368,9648239,76664764,317223138,53946910
2014-07-31,42475097,23330870,8516139,11156967,7241094,201003643,35289734,8147271,17714402,1381402433,45686398,4748145,856438,10518923,80842124,5626829,46512670,1315983,5452118,66051375,64392127,10922745,4245597,9877556,253743591,1300532159,4632618,325872,8150579,60316919,127310790,50614256,2942917,550920,2001644,119318710,430978,16839767,5113570,4485500,38491639,10442266,19946552,143689381,30036990,3859910,5416458,2060577,9656217,76750952,317417003,54017331
2014-08-31,42513978,23359833,8521698,11161529,7237662,201146423,35319274,8155546,17729045,1382159880,45722320,4753142,855653,10520095,80870198,5629407,46501160,1315695,5453996,66096434,64433052,10916679,4244155,9875338,254020488,1301875030,4635183,326173,8163597,60317677,127296062,50640737,2940807,552000,2000072,119442250,431694,16844815,5118341,4491700,38490103,10437734,19940532,143715436,30097551,3862076,5416896,2060786,9664194,76837140,317610868,54087752
2014-09-30,42552858,23388796,8527256,11166091,7234231,201289202,35348814,8163821,17743688,1382917326,45758243,4758138,854867,10521267,80898272,5631985,46489651,1315408,5455874,66141493,64473977,10910613,4242714,9873120,254297385,1303217900,4637747,326475,8176615,60318435,127281334,50667217,2938697,553081,1998500,119565790,432409,16849863,5123113,4497900,38488566,10433202,19934511,143741491,30158112,3864242,5417334,2060995,9672172,76923329,317804733,54158173
2014-10-31,42591739,23417759,8532815,11170653,7230799,201431982,35378354,8172096,17758331,1383674773,45794165,4763135,854082,10522439,80926346,5634563,46478141,1315120,5457751,66186552,64514902,10904547,4241272,9870902,254574282,1304560771,4640311,326776,8189632,60319192,127266606,50693698,2936587,554161,1996928,119689330,433125,16854911,5127884,4504100,38487030,10428670,19928491,143767546,30218673,3866407,5417772,2061204,9680149,77009517,317998598,54228594
2014-11-30,42630619,23446722,8538373,11175215,7227368,201574761,35407894,8180371,17772974,1384432220,45830087,4768132,853296,10523611,80954420,5637141,46466632,1314832,5459629,66231611,64555827,10898481,4239830,9868684,254851179,1305903641,4642875,327077,8202650,60319950,127251878,50720178,2934477,555241,1995356,119812870,433841,16859959,5132655,4510300,38485493,10424138,19922471,143793601,30279234,3868573,5418210,2061413,9688127,77095705,318192463,54299015
2014-12-31,42669500,23475686,8543932,11179778,7223937,201717541,35437435,8188646,17787617,1385189667,45866010,4773129,852511,10524783,80982495,5639719,46455123,1314545,5461507,66276671,64596752,10892415,4238389,9866466,255128076,1307246512,4645440,327379,8215668,60320708,127237150,50746659,2932367,556322,1993785,119936411,434557,16865008,5137427,4516500,38483957,10419606,19916451,143819657,30339795,3870739,5418649,2061623,9696105,77181894,318386329,54369436
2015-01-31,42708038,23504045,8551064,11184669,7220108,201864052,35459557,8196458,17802934,1385900148,45903334,4778054,852106,10526296,81041171,5642938,46451375,1314550,5463008,66296328,64639525,10886454,4235490,9864512,255166394,1308548177,4648968,327665,8229374,60313115,127225282,50769016,2930078,557428,1992429,120054026,435431,16871251,5141799,4524241,38481508,10416458,19908600,144035185,30399984,3873401,5419078,2061744,9704694,77268276,318582384,54438961
2015-02-28,42746577,23532404,8558196,11189560,7216279,202010564,35481680,8204271,17818251,1386610630,45940658,4782979,851702,10527809,81099847,5646157,46447627,1314555,5464510,66315985,64682299,10880493,4232591,9862559,255204713,1309849843,4652497,327952,8243081,60305523,127213415,50791373,2927790,558535,1991074,120171642,436306,16877494,5146172,4531983,38479060,10413311,19900750,144250714,30460174,3876064,5419507,2061865,9713284,77354659,318778439,54508486
2015-03-31,42785116,23560763,8565328,11194452,7212450,202157076,35503803,8212084,17833568,1387321112,45977982,4787905,851298,10529322,81158523,5649376,46443879,1314560,5466012,66335642,64725072,10874532,4229692,9860605,255243032,1311151509,4656026,328238,8256788,60297930,127201548,50813731,2925502,559642,1989719,120289258,437181,16883737,5150544,4539725,38476611,10410163,19892900,144466243,30520363,3878726,5419936,2061986,9721874,77441042,318974495,54578011
2015-04-30,42823655,23589122,8572461,11199343,7208621,202303588,35525926,8219896,17848885,1388031593,46015306,4792830,850894,10530836,81217199,5652595,46440131,1314566,5467514,66355300,64767846,10868571,4226794,9858652,255281350,1312453175,4659555,328525,8270495,60290338,127189681,50836088,2923214,560749,1988364,120406874,438056,16889980,5154917,4547466,38474163,10407016,19885050,144681772,30580553,3881389,5420366,2062107,9730464,77527425,319170550,54647536
2015-05-31,42862194,23617481,8579593,11204234,7204792,202450100,35548048,8227709,17864202,1388742075,46052630,4797755,850490,10532349,81275875,5655814,46436383,1314571,5469015,66374957,64810619,10862610,4223895,9856698,255319669,1313754841,4663084,328811,8284201,60282745,127177814,50858445,2920926,561856,1987009,120524489,438931,16896223,5159289,4555208,38471714,10403868,19877200,144897301,30640742,3884051,5420795,2062228,9739054,77613808,319366606,54717061
2015-06-30,42900733,23645840,8586725,11209126,7200964,202596612,35570171,8235522,17879520,1389452557,46089954,4802681,850086,10533862,81334551,5659033,46432636,1314576,5470517,66394614,64853393,10856649,4220996,9854745,255357988,1315056507,4666613,329098,8297908,60275153,127165947,50880803,2918638,562963,1985654,120642105,439806,16902466,5163662,4562950,38469266,10400721,19869350,145112830,30700932,3886714,5421224,2062350,9747644,77700191,319562661,54786587
2015-07-31,42939271,23674199,8593857,11214017,7197135,202743123,35592294,8243334,17894837,1390163038,46127278,4807606,849682,10535375,81393227,5662252,46428888,1314581,5472019,66414271,64896166,10850688,4218097,9852792,255396306,1316358172,4670142,329385,8311615,60267561,127154080,50903160,2916350,564070,1984298,120759721,440681,16908709,5168035,4570691,38466818,10397574,19861500,145328359,30761121,3889377,5421653,2062471,9756233,77786573,319758716,54856112
2015-08-31,42977810,23702558,8600990,11218908,7193306,202889635,35614417,8251147,17910154,1390873520,46164602,4812531,849278,10536889,81451903,5665471,46425140,1314587,5473521,66433929,64938940,10844727,4215199,9850838,255434625,1317659838,4673671,329671,8325322,60259968,127142213,50925517,2914062,565177,1982943,120877337,441556,16914952,5172407,4578433,38464369,10394426,19853650,145543888,30821311,3892039,5422083,2062592,9764823,77872956,319954772,54925637
2015-09-30,43016349,23730917,8608122,11223800,7189477,203036147,35636539,8258960,17925471,1391584002,46201926,4817457,848874,10538402,81510579,5668690,46421392,1314592,5475022,66453586,64981713,10838766,4212300,9848885,255472944,1318961504,4677200,329958,8339028,60252376,127130346,50947875,2911774,566284,1981588,120994952,442431,16921195,5176780,4586175,38461921,10391279,19845800,145759417,30881500,3894702,5422512,2062713,9773413,77959339,320150827,54995162
2015-10-31,43054888,23759276,8615254,11228691,7185648,203182659,35658662,8266772,17940788,1392294483,46239250,4822382,848470,10539915,81569255,5671909,46417644,1314597,5476524,66473243,65024487,10832805,4209401,9846931,255511262,1320263170,4680729,330244,8352735,60244783,127118479,50970232,2909486,567391,1980233,121112568,443306,16927438,5181152,4593916,38459472,10388131,19837950,145974946,30941690,3897364,5422941,2062834,9782003,78045722,320346883,55064687
2015-11-30,43093427,23787635,8622386,11233582,7181819,203329171,35680785,8274585,17956105,1393004965,46276574,4827307,848066,10541428,81627931,5675128,46413896,1314602,5478026,66492900,65067260,10826844,4206502,9844978,255549581,1321564836,4684258,330531,8366442,60237191,127106612,50992589,2907198,568498,1978878,121230184,444181,16933681,5185525,4601658,38457024,10384984,19830100,146190475,31001879,3900027,5423370,2062955,9790593,78132105,320542938,55134212
2015-12-31,43131966,23815995,8629519,11238474,7177991,203475683,35702908,8282398,17971423,1393715447,46313898,4832233,847662,10542942,81686608,5678348,46410149,1314608,5479528,66512558,65110034,10820883,4203604,9843025,255587900,1322866502,4687787,330818,8380149,60229599,127094745,51014947,2904910,569605,1977523,121347800,445056,16939925,5189898,4609400,38454576,10381837,19822250,146406004,31062069,3902690,5423800,2063077,9799183,78218488,320738994,55203738
2016-01-31,43170166,23847237,8638709,11243184,7173810,203615758,35736789,8289976,17987733,1394396633,46356916,4837078,847986,10544803,81741779,5682190,46413459,1314706,5480842,66527225,65154869,10817139,4201166,9840608,255830283,1324180655,4692104,331202,8393970,60220067,127090333,51031851,2901853,570759,1976024,121461747,445914,16947457,5193752,4618125,38452262,10379726,19812597,146428382,31122528,3905262,5424383,2063174,9809508,78306778,320933390,55271772
2016-02-29,43208366,23878480,8647900,11247895,7169629,203755833,35770671,8297554,18004043,1395077819,46399934,4841924,848311,10546665,81796951,5686032,46416769,1314805,5482156,66541892,65199704,10813396,4198728,9838191,256072666,1325494808,4696422,331587,8407792,60210535,127085922,51048756,2898796,571914,1974525,121575694,446772,16954989,5197607,4626850,38449948,10377616,19802945,146450760,31182987,3907834,5424966,2063271,9819833,78395068,321127787,55339806
2016-03-31,43246566,23909723,8657090,11252606,7165448,203895909,35804552,8305132,18020354,1395759005,46442952,4846769,848636,10548527,81852123,5689875,46420080,1314903,5483470,66556559,65244539,10809653,4196290,9835775,256315050,1326808961,4700739,331972,8421614,60201004,127081511,51065661,2895740,573068,1973026,121689641,447631,16962522,5201461,4635575,38447634,10375506,19793293,146473138,31243446,3910407,5425549,2063368,9830158,78483358,321322184,55407840
2016-04-30,43284766,23940965,8666281,11257317,7161267,204035984,35838434,8312710,18036664,1396440191,46485970,4851615,848961,10550389,81907295,5693717,46423390,1315002,5484784,66571226,65289374,10805910,4193852,9833358,256557433,1328123114,4705057,332357,8435435,60191472,127077100,51082565,2892683,574223,1971527,121803588,448489,16970054,5205316,4644300,38445320,10373396,19783641,146495516,31303906,3912979,5426132,2063465,9840484,78571649,321516581,55475874
2016-05-31,43322966,23972208,8675471,11262027,7157086,204176059,35872315,8320288,18052974,1397121377,46528988,4856460,849285,10552251,81962466,5697559,46426701,1315100,5486098,66585893,65334209,10802167,4191414,9830942,256799816,1329437267,4709374,332741,8449257,60181941,127072689,51099470,2889627,575377,1970028,121917535,449347,16977587,5209170,4653025,38443006,10371286,19773989,146517894,31364365,3915552,5426715,2063562,9850809,78659939,321710977,55543908
2016-06-30,43361167,24003451,8684662,11266738,7152906,204316135,35906197,8327866,18069285,1397802563,46572007,4861306,849610,10554113,82017638,5701402,46430011,1315199,5487412,66600560,65379044,10798424,4188976,9828525,257042200,1330751421,4713692,333126,8463079,60172409,127068278,51116375,2886570,576532,1968529,122031482,450206,16985119,5213025,4661750,38440692,10369176,19764337,146540273,31424824,3918124,5427298,2063659,9861134,78748229,321905374,55611943
2016-07-31,43399367,24034693,8693853,11271449,7148725,204456210,35940079,8335444,18085595,1398483749,46615025,4866151,849935,10555974,82072810,5705244,46433321,1315297,5488726,66615227,65423879,10794681,4186538,9826108,257284583,1332065574,4718009,333511,8476900,60162877,127063867,51133279,2883513,577686,1967030,122145429,451064,16992651,5216879,4670475,38438378,10367066,19754684,146562651,31485283,3920696,5427881,2063756,9871459,78836519,322099771,55679977
2016-08-31,43437567,24065936,8703043,11276160,7144544,204596285,35973960,8343022,18101905,1399164935,46658043,4870997,850260,10557836,82127982,5709086,46436632,1315396,5490040,66629894,65468714,10790938,4184100,9823692,257526966,1333379727,4722327,333896,8490722,60153346,127059456,51150184,2880457,578841,1965531,122259376,451922,17000184,5220734,4679200,38436064,10364956,19745032,146585029,31545743,3923269,5428464,2063853,9881785,78924810,322294168,55748011
2016-09-30,43475767,24097179,8712234,11280870,7140363,204736361,36007842,8350600,18118216,1399846121,46701061,4875842,850584,10559698,82183153,5712929,46439942,1315494,5491354,66644561,65513549,10787195,4181662,9821275,257769350,1334693880,4726644,334280,8504544,60143814,127055045,51167089,2877400,579995,1964032,122373323,452781,17007716,5224588,4687925,38433750,10362846,19735380,146607407,31606202,3925841,5429047,2063950,9892110,79013100,322488564,55816045
2016-10-31,43513967,24128421,8721424,11285581,7136182,204876436,36041723,8358178,18134526,1400527307,46744079,4880688,850909,10561560,82238325,5716771,46443253,1315593,5492668,66659228,65558384,10783452,4179224,9818859,258011733,1336008033,4730962,334665,8518365,60134283,127050634,51183993,2874344,581150,1962533,122487270,453639,17015249,5228443,4696650,38431436,10360736,19725728,146629785,31666661,3928414,5429630,2064047,9902435,79101390,322682961,55884079
2016-11-30,43552167,24159664,8730615,11290292,7132001,205016511,36075605,8365756,18150836,1401208493,46787097,4885533,851234,10563422,82293497,5720613,46446563,1315691,5493982,66673895,65603219,10779709,4176786,9816442,258254116,1337322186,4735279,335050,8532187,60124751,127046223,51200898,2871287,582304,1961034,122601217,454497,17022781,5232297,4705375,38429122,10358626,19716076,146652163,31727120,3930986,5430213,2064144,9912760,79189680,322877358,55952113
2016-12-31,43590368,24190907,8739806,11295003,7127821,205156587,36109487,8373334,18167147,1401889680,46830116,4890379,851559,10565284,82348669,5724456,46449874,1315790,5495297,66688563,65648054,10775966,4174349,9814026,258496500,1338636340,4739597,335435,8546009,60115220,127041812,51217803,2868231,583459,1959535,122715165,455356,17030314,5236152,4714100,38426809,10356516,19706424,146674542,31787580,3933559,5430797,2064241,9923086,79277971,323071755,56020148
2017-01-31,43628238,24224514,8744411,11299509,7123498,205293933,36145799,8379875,18188150,1402588536,46879206,4895138,852222,10567304,82374363,5727475,46456790,1315922,5496373,66704792,65680735,10774192,4170197,9811854,258734750,1339932951,4744004,336098,8559947,60105806,127031539,51229812,2864912,584532,1958094,122825712,456410,17038729,5239553,4722391,38426437,10355150,19696966,146688530,31856335,3936245,5431499,2064401,9934303,79364199,323242619,56088472
2017-02-28,43666108,24258122,8749017,11304016,7119175,205431279,36182111,8386417,18209154,1403287392,46928296,4899897,852885,10569324,82400057,5730495,46463706,1316055,5497449,66721021,65713416,10772418,4166046,9809683,258973000,1341229563,4748412,336762,8573885,60096392,127021267,51241821,2861593,585605,1956653,122936259,457464,17047144,5242954,4730683,38426065,10353784,19687508,146702519,31925090,3938931,5432202,2064561,9945520,79450427,323413483,56156796
2017-03-31,43703978,24291730,8753622,11308522,7114852,205568625,36218424,8392959,18230158,1403986249,46977387,4904656,853549,10571344,82425751,5733515,46470622,1316188,5498525,66737250,65746097,10770644,4161894,9807511,259211250,1342526174,4752820,337426,8587823,60086978,127010995,51253830,2858274,586678,1955213,123046806,458518,17055559,5246355,4738975,38425693,10352418,19678051,146716507,31993845,3941618,5432905,2064721,9956738,79536655,323584348,56225120
2017-04-30,43741849,24325338,8758228,11313029,7110529,205705971,36254736,8399500,18251162,1404685105,47026477,4909415,854212,10573364,82451446,5736535,46477539,1316321,5499601,66753480,65778779,10768870,4157743,9805340,259449500,1343822786,4757228,338089,8601762,60077564,127000723,51265839,2854955,587751,1953772,123157353,459572,17063974,5249756,4747266,38425321,10351052,19668593,146730496,32062600,3944304,5433608,2064881,9967955,79622883,323755212,56293444
2017-05-31,43779719,24358946,8762833,11317535,7106206,205843317,36291049,8406042,18272165,1405383962,47075567,4914174,854876,10575384,82477140,5739555,46484455,1316454,5500677,66769709,65811460,10767096,4153591,9803168,259687750,1345119397,4761635,338753,8615700,60068150,126990451,51277848,2851636,588824,1952331,123267900,460626,17072389,5253157,4755558,38424949,10349686,19659136,146744484,32131355,3946991,5434311,2065041,9979173,79709111,323926077,56361768
2017-06-30,43817589,24392554,8767439,11322042,7101883,205980664,36327361,8412584,18293169,1406082818,47124658,4918934,855539,10577405,82502834,5742575,46491371,1316587,5501753,66785938,65844141,10765322,4149440,9800997,259926000,1346416009,4766043,339417,8629638,60058737,126980179,51289857,2848317,589898,1950891,123378448,461680,17080804,5256558,4763850,38424577,10348320,19649678,146758473,32200110,3949677,5435014,2065201,9990390,79795339,324096941,56430092
2017-07-31,43855459,24426162,8772045,11326548,7097560,206118010,36363673,8419125,18314173,1406781674,47173748,4923693,856202,10579425,82528528,5745594,46498287,1316719,5502829,66802167,65876822,10763548,4145288,9798826,260164250,1347712620,4770451,340080,8643576,60049323,126969906,51301866,2844998,590971,1949450,123488995,462734,17089219,5259959,4772141,38424205,10346954,19640220,146772461,32268865,3952363,5435716,2065361,10001607,79881567,324267805,56498416
2017-08-31,43893330,24459770,8776650,11331055,7093237,206255356,36399986,8425667,18335177,1407480531,47222838,4928452,856866,10581445,82554223,5748614,46505204,1316852,5503905,66818397,65909504,10761774,4141137,9796654,260402500,1349009232,4774859,340744,8657515,60039909,126959634,51313875,2841679,592044,1948009,123599542,463788,17097634,5263360,4780433,38423833,10345588,19630763,146786450,32337620,3955050,5436419,2065521,10012825,79967795,324438670,56566740
2017-09-30,43931200,24493378,8781256,11335561,7088914,206392702,36436298,8432209,18356180,1408179387,47271929,4933211,857529,10583465,82579917,5751634,46512120,1316985,5504981,66834626,65942185,10760000,4136985,9794483,260640750,1350305843,4779266,341408,8671453,60030495,126949362,51325884,2838360,593117,1946569,123710089,464842,17106049,5266761,4788725,38423461,10344222,19621305,146800438,32406375,3957736,5437122,2065681,10024042,80054023,324609534,56635064
2017-10-31,43969070,24526986,8785861,11340068,7084591,206530048,36472611,8438750,18377184,1408878244,47321019,4937970,858193,10585485,82605611,5754654,46519036,1317118,5506057,66850855,65974866,10758226,4132834,9792311,260879000,1351602455,4783674,342071,8685391,60021081,126939090,51337893,2835041,594190,1945128,123820636,465896,17114464,5270162,4797016,38423089,10342856,19611848,146814427,32475130,3960423,5437825,2065841,10035260,80140251,324780399,56703388
2017-11-30,44006940,24560594,8790467,11344574,7080268,206667394,36508923,8445292,18398188,1409577100,47370109,4942729,858856,10587505,82631305,5757674,46525952,1317251,5507133,66867084,66007547,10756452,4128682,9790140,261117250,1352899066,4788082,342735,8699329,60011667,126928818,51349902,2831722,595263,1943687,123931183,466950,17122879,5273563,4805308,38422717,10341490,19602390,146828415,32543885,3963109,5438528,2066001,10046477,80226479,324951263,56771712
2017-12-31,44044811,24594202,8795073,11349081,7075946,206804741,36545236,8451834,18419192,1410275957,47419200,4947489,859520,10589526,82657000,5760694,46532869,1317384,5508209,66883314,66040229,10754679,4124531,9787969,261355500,1354195678,4792490,343399,8713268,60002254,126918546,51361911,2828403,596337,1942247,124041731,468005,17131295,5276965,4813600,38422346,10340124,19592933,146842404,32612641,3965796,5439231,2066161,10057695,80312708,325122128,56840036
2018-01-31,44082285,24625238,8798625,11353635,7071703,206945587,36588556,8457041,18446876,1410842082,47489141,4952148,860399,10592601,82677732,5763132,46549197,1317766,5508818,66903460,66073172,10752862,4121473,9786935,261589341,1355429647,4797867,344175,8727392,59991834,126904376,51380506,2826164,597304,1940990,124148903,469390,17139655,5279877,4820850,38421578,10339666,19583841,146841418,32679392,3968169,5439859,2066485,10067488,80403916,325265133,56909470
2018-02-28,44119759,24656275,8802178,11358190,7067461,207086434,36631877,8462249,18474560,1411408208,47559082,4956807,861278,10595676,82698464,5765571,46565526,1318149,5509428,66923606,66106115,10751045,4118416,9785901,261823183,1356663616,4803244,344952,8741517,59981414,126890206,51399102,2823926,598272,1939734,124256075,470776,17148016,5282790,4828100,38420811,10339208,19574750,146840432,32746144,3970543,5440487,2066809,10077281,80495125,325408139,56978905
2018-03-31,44157233,24687312,8805731,11362745,7063218,207227280,36675198,8467457,18502245,1411974334,47629023,4961467,862157,10598752,82719197,5768009,46581855,1318532,5510038,66943753,66139059,10749228,4115359,9784868,262057025,1357897585,4808621,345729,8755642,59970994,126876036,51417697,2821688,599240,1938477,124363247,472162,17156376,5285702,4835350,38420044,10338751,19565659,146839446,32812895,3972917,5441115,2067133,10087075,80586333,325551145,57048339
2018-04-30,44194708,24718349,8809284,11367300,7058976,207368127,36718518,8472665,18529929,1412540460,47698964,4966126,863037,10601827,82739929,5770448,46598184,1318915,5510647,66963899,66172002,10747411,4112301,9783834,262290866,1359131554,4813998,346506,8769766,59960574,126861866,51436293,2819449,600208,1937221,124470419,473548,17164737,5288615,4842600,38419277,10338293,19556568,146838460,32879647,3975291,5441744,2067457,10096868,80677542,325694151,57117774
2018-05-31,44232182,24749385,8812837,11371855,7054733,207508973,36761839,8477872,18557614,1413106586,47768905,4970785,863916,10604902,82760661,5772886,46614512,1319297,5511257,66984046,66204946,10745594,4109244,9782801,262524708,1360365523,4819375,347283,8783891,59950154,126847696,51454888,2817211,601175,1935964,124577591,474933,17173097,5291527,4849850,38418509,10337836,19547477,146837474,32946398,3977665,5442372,2067781,10106661,80768750,325837157,57187208
2018-06-30,44269656,24780422,8816390,11376410,7050491,207649820,36805160,8483080,18585298,1413672712,47838847,4975445,864795,10607978,82781394,5775325,46630841,1319680,5511867,67004192,66237889,10743778,4106187,9781767,262758550,1361599492,4824752,348060,8798016,59939735,126833526,51473484,2814973,602143,1934708,124684764,476319,17181458,5294440,4857100,38417742,10337378,19538386,146836488,33013150,3980039,5443000,2068105,10116455,80859959,325980163,57256643
2018-07-31,44307130,24811459,8819942,11380965,7046248,207790667,36848480,8488288,18612982,1414238838,47908788,4980104,865674,10611053,82802126,5777764,46647170,1320063,5512476,67024338,66270832,10741961,4103129,9780733,262992391,1362833461,4830129,348837,8812140,59929315,126819356,51492080,2812734,603111,1933452,124791936,477705,17189819,5297353,4864350,38416975,10336920,19529295,146835502,33079902,3982413,5443628,2068429,10126248,80951168,326123169,57326078
2018-08-31,44344605,24842496,8823495,11385520,7042006,207931513,36891801,8493496,18640667,1414804964,47978729,4984763,866554,10614128,82822858,5780202,46663499,1320446,5513086,67044485,66303776,10740144,4100072,9779700,263226233,1364067430,4835506,349614,8826265,59918895,126805186,51510675,2810496,604079,1932195,124899108,479091,17198179,5300265,4871600,38416208,10336463,19520204,146834516,33146653,3984787,5444257,2068753,10136041,81042376,326266175,57395512
2018-09-30,44382079,24873532,8827048,11390075,7037763,208072360,36935122,8498703,18668351,1415371090,48048670,4989423,867433,10617204,82843591,5782641,46679827,1320828,5513696,67064631,66336719,10738327,4097015,9778666,263460075,1365301399,4840883,350391,8840390,59908475,126791016,51529271,2808258,605046,1930939,125006280,480476,17206540,5303178,4878850,38415440,10336005,19511113,146833530,33213405,3987161,5444885,2069077,10145835,81133585,326409181,57464947
2018-10-31,44419553,24904569,8830601,11394630,7033521,208213206,36978442,8503911,18696036,1415937216,48118611,4994082,868312,10620279,82864323,5785079,46696156,1321211,5514305,67084778,66369663,10736510,4093957,9777633,263693916,1366535368,4846260,351168,8854514,59898055,126776846,51547866,2806019,606014,1929682,125113452,481862,17214900,5306090,4886100,38414673,10335548,19502022,146832544,33280156,3989535,5445513,2069401,10155628,81224793,326552187,57534381
2018-11-30,44457027,24935606,8834154,11399185,7029278,208354053,37021763,8509119,18723720,1416503342,48188552,4998741,869191,10623354,82885055,5787518,46712485,1321594,5514915,67104924,66402606,10734693,4090900,9776599,263927758,1367769337,4851637,351945,8868639,59887635,126762676,51566462,2803781,606982,1928426,125220624,483248,17223261,5309003,4893350,38413906,10335090,19492931,146831558,33346908,3991909,5446141,2069725,10165421,81316002,326695193,57603816
2018-12-31,44494502,24966643,8837707,11403740,7025036,208494900,37065084,8514327,18751405,1417069468,48258494,5003401,870071,10626430,82905788,5789957,46728814,1321977,5515525,67125071,66435550,10732877,4087843,9775566,264161600,1369003306,4857015,352722,8882764,59877216,126748506,51585058,2801543,607950,1927170,125327797,484634,17231622,5311916,4900600,38413139,10334633,19483840,146830572,33413660,3994283,5446770,2070050,10175215,81407211,326838199,57673251
2019-01-31,44531519,24997774,8841034,11408596,7020929,208632585,37109762,8519406,18781055,1417469015,48353259,5007951,871060,10630004,82921385,5791999,46760192,1322383,5516031,67143808,66465654,10731935,4085960,9775197,264390791,1370179034,4862388,353375,8897035,59864871,126732387,51600038,2800925,608954,1926058,125431954,486252,17241059,5314914,4907150,38410917,10336284,19474839,146825079,33480702,3996943,5447384,2071655,10183854,81504897,326962511,57744884
2019-02-28,44568537,25028905,8844362,11413453,7016823,208770270,37154441,8524485,18810706,1417868562,48448024,5012502,872050,10633579,82936982,5794041,46791571,1322790,5516538,67162546,66495759,10730994,4084078,9774828,264619983,1371354763,4867761,354028,8911307,59852526,126716268,51615018,2800308,609958,1924946,125536112,487871,17250497,5317912,4913700,38408695,10337935,19465839,146819586,33547744,3999604,5447999,2073260,10192493,81602583,327086824,57816518
2019-03-31,44605554,25060036,8847689,11418310,7012717,208907956,37199120,8529565,18840357,1418268109,48542790,5017052,873040,10637153,82952580,5796083,46822950,1323196,5517045,67181283,66525864,10730053,4082195,9774460,264849175,1372530492,4873135,354681,8925579,59840181,126700149,51629999,2799691,610963,1923834,125640270,489490,17259935,5320910,4920250,38406473,10339586,19456838,146814094,33614787,4002264,5448614,2074865,10201133,81700270,327211137,57888152
2019-04-30,44642572,25091167,8851017,11423167,7008610,209045641,37243799,8534644,18870008,1418667656,48637555,5021603,874030,10640728,82968177,5798125,46854328,1323603,5517551,67200021,66555969,10729112,4080313,9774091,265078366,1373706221,4878508,355334,8939851,59827836,126684030,51644979,2799074,611967,1922722,125744428,491109,17269373,5323908,4926800,38404251,10341237,19447838,146808601,33681829,4004925,5449229,2076470,10209772,81797956,327335450,57959786
2019-05-31,44679589,25122298,8854344,11428024,7004504,209183327,37288478,8539724,18899659,1419067203,48732320,5026153,875020,10644302,82983774,5800167,46885707,1324009,5518058,67218758,66586073,10728171,4078430,9773722,265307558,1374881949,4883882,355987,8954123,59815491,126667911,51659959,2798457,612972,1921610,125848586,492727,17278811,5326906,4933350,38402029,10342888,19438837,146803109,33748872,4007585,5449843,2078075,10218412,81895643,327459763,58031420
2019-06-30,44716607,25153430,8857672,11432881,7000398,209321012,37333157,8544803,18929310,1419466751,48827086,5030704,876010,10647877,82999372,5802209,46917086,1324416,5518565,67237496,66616178,10727230,4076548,9773354,265536750,1376057678,4889255,356640,8968395,59803146,126651792,51674940,2797840,613976,1920498,125952744,494346,17288249,5329904,4939900,38399807,10344539,19429837,146797616,33815914,4010246,5450458,2079680,10227051,81993329,327584076,58103054
2019-07-31,44753624,25184561,8860999,11437738,6996291,209458697,37377835,8549882,18958961,1419866298,48921851,5035254,876999,10651451,83014969,5804251,46948464,1324822,5519071,67256234,66646283,10726289,4074665,9772985,265765941,1377233407,4894628,357293,8982666,59790801,126635673,51689920,2797222,614980,1919386,126056901,495965,17297686,5332902,4946450,38397585,10346190,19420837,146792123,33882956,4012906,5451073,2081285,10235690,82091015,327708388,58174687
2019-08-31,44790642,25215692,8864327,11442595,6992185,209596383,37422514,8554962,18988612,1420265845,49016616,5039805,877989,10655026,83030566,5806293,46979843,1325229,5519578,67274971,66676388,10725348,4072783,9772616,265995133,1378409136,4900002,357946,8996938,59778456,126619554,51704900,2796605,615985,1918274,126161059,497584,17307124,5335900,4953000,38395363,10347841,19411836,146786631,33949999,4015567,5451688,2082890,10244330,82188702,327832701,58246321
2019-09-30,44827659,25246823,8867654,11447452,6988079,209734068,37467193,8560041,19018263,1420665392,49111382,5044355,878979,10658600,83046164,5808335,47011222,1325635,5520085,67293709,66706492,10724407,4070900,9772248,266224325,1379584864,4905375,358599,9011210,59766111,126603435,51719881,2795988,616989,1917162,126265217,499202,17316562,5338898,4959550,38393141,10349492,19402836,146781138,34017041,4018227,5452302,2084495,10252969,82286388,327957014,58317955
2019-10-31,44864677,25277954,8870982,11452309,6983972,209871754,37511872,8565121,19047914,1421064939,49206147,5048906,879969,10662175,83061761,5810377,47042600,1326042,5520591,67312446,66736597,10723466,4069018,9771879,266453516,1380760593,4910749,359252,9025482,59753766,126587316,51734861,2795371,617994,1916050,126369375,500821,17326000,5341896,4966100,38390919,10351143,19393835,146775646,34084084,4020888,5452917,2086100,10261609,82384075,328081327,58389589
2019-11-30,44901694,25309085,8874309,11457166,6979866,210009439,37556551,8570200,19077565,1421464486,49300912,5053456,880959,10665749,83077358,5812419,47073979,1326448,5521098,67331184,66766702,10722525,4067135,9771510,266682708,1381936322,4916122,359905,9039754,59741421,126571197,51749841,2794754,618998,1914938,126473533,502440,17335438,5344894,4972650,38388697,10352794,19384835,146770153,34151126,4023548,5453532,2087705,10270248,82481761,328205640,58461223
2019-12-31,44938712,25340217,8877637,11462023,6975760,210147125,37601230,8575280,19107216,1421864034,49395678,5058007,881949,10669324,83092956,5814461,47105358,1326855,5521605,67349922,66796807,10721584,4065253,9771142,266911900,1383112051,4921496,360558,9054026,59729077,126555078,51764822,2794137,620003,1913826,126577691,504059,17344876,5347893,4979200,38386476,10354445,19375835,146764661,34218169,4026209,5454147,2089310,10278888,82579448,328329953,58532857
2020-01-31,44975216,25366473,8880904,11465765,6972281,210281172,37635058,8580520,19136473,1422119513,49480008,5062442,882787,10671893,83098616,5815367,47126218,1327073,5522266,67365635,66820509,10719668,4063788,9769392,267136191,1384218307,4926158,361050,9067449,59704891,126520996,51770773,2794199,620870,1912711,126678907,504998,17352928,5350524,4988450,38383784,10356978,19366971,146739256,34284439,4027709,5454537,2090211,10285101,82646551,328595082,58601197
2020-02-29,45011720,25392729,8884171,11469508,6968802,210415219,37668886,8585761,19165731,1422374992,49564339,5066878,883625,10674462,83104276,5816273,47147079,1327292,5522928,67381348,66844211,10717752,4062324,9767643,267360483,1385324563,4930820,361542,9080873,59680705,126486914,51776724,2794261,621738,1911596,126780123,505937,17360980,5353156,4997700,38381092,10359511,19358107,146713851,34350709,4029209,5454927,2091112,10291314,82713654,328860212,58669537
2020-03-31,45048224,25418985,8887439,11473251,6965323,210549266,37702714,8591002,19194989,1422630471,49648670,5071314,884463,10677031,83109936,5817180,47167939,1327511,5523590,67397062,66867913,10715837,4060859,9765894,267584775,1386430819,4935482,362034,9094297,59656519,126452833,51782676,2794324,622605,1910481,126881339,506876,17369032,5355787,5006950,38378400,10362045,19349243,146688446,34416980,4030709,5455317,2092014,10297527,82780758,329125342,58737877
2020-04-30,45084729,25445241,8890706,11476994,6961845,210683314,37736542,8596243,19224247,1422885950,49733001,5075750,885301,10679601,83115596,5818086,47188800,1327729,5524251,67412775,66891616,10713921,4059395,9764145,267809066,1387537076,4940145,362526,9107721,59632333,126418751,51788627,2794386,623473,1909366,126982556,507816,17377084,5358419,5016200,38375708,10364578,19340379,146663041,34483250,4032209,5455707,2092915,10303740,82847861,329390472,58806218
2020-05-31,45121233,25471497,8893973,11480737,6958366,210817361,37770370,8601483,19253505,1423141429,49817331,5080186,886139,10682170,83121256,5818992,47209660,1327948,5524913,67428488,66915318,10712006,4057930,9762396,268033358,1388643332,4944807,363018,9121145,59608147,126384670,51794579,2794448,624340,1908251,127083772,508755,17385136,5361050,5025450,38373016,10367112,19331515,146637636,34549521,4033709,5456097,2093816,10309953,82914964,329655602,58874558
2020-06-30,45157737,25497753,8897241,11484480,6954887,210951408,37804198,8606724,19282763,1423396908,49901662,5084622,886977,10684739,83126916,5819899,47230521,1328167,5525575,67444202,66939020,10710090,4056466,9760647,268257650,1389749588,4949469,363510,9134569,59583961,126350588,51800530,2794511,625208,1907137,127184988,509694,17393188,5363682,5034700,38370324,10369645,19322652,146612232,34615791,4035209,5456487,2094718,10316166,82982068,329920732,58942898
2020-07-31,45194241,25524009,8900508,11488223,6951408,211085455,37838026,8611965,19312020,1423652387,49985993,5089058,887815,10687308,83132576,5820805,47251382,1328385,5526236,67459915,66962722,10708174,4055002,9758898,268481941,1390855844,4954131,364002,9147993,59559775,126316506,51806481,2794573,626075,1906022,127286204,510633,17401240,5366314,5043950,38367632,10372178,19313788,146586827,34682061,4036709,5456877,2095619,10322379,83049171,330185862,59011238
2020-08-31,45230746,25550265,8903775,11491966,6947930,211219503,37871854,8617206,19341278,1423907866,50070324,5093494,888653,10689878,83138236,5821711,47272242,1328604,5526898,67475628,66986425,10706259,4053537,9757149,268706233,1391962101,4958794,364494,9161417,59535589,126282425,51812433,2794635,626943,1904907,127387421,511573,17409292,5368945,5053200,38364940,10374712,19304924,146561422,34748332,4038209,5457267,2096520,10328592,83116274,330450992,59079579
2020-09-30,45267250,25576521,8907043,11495709,6944451,211353550,37905682,8622446,19370536,1424163345,50154654,5097930,889491,10692447,83143896,5822618,47293103,1328823,5527560,67491342,67010127,10704343,4052073,9755400,268930525,1393068357,4963456,364986,9174841,59511403,126248343,51818384,2794698,627810,1903792,127488637,512512,17417344,5371577,5062450,38362248,10377245,19296060,146536017,34814602,4039709,5457657,2097422,10334805,83183378,330716122,59147919
2020-10-31,45303754,25602777,8910310,11499452,6940972,211487597,37939510,8627687,19399794,1424418824,50238985,5102366,890329,10695016,83149556,5823524,47313963,1329041,5528221,67507055,67033829,10702428,4050608,9753651,269154816,1394174613,4968118,365478,9188265,59487217,126214262,51824336,2794760,628678,1902677,127589853,513451,17425396,5374208,5071700,38359556,10379779,19287196,146510612,34880873,4041209,5458047,2098323,10341018,83250481,330981252,59216259
2020-11-30,45340258,25629033,8913577,11503195,6937493,211621644,37973338,8632928,19429052,1424674303,50323316,5106802,891167,10697585,83155216,5824430,47334824,1329260,5528883,67522768,67057531,10700512,4049144,9751902,269379108,1395280869,4972780,365970,9201689,59463031,126180180,51830287,2794822,629545,1901562,127691069,514390,17433448,5376840,5080950,38356864,10382312,19278332,146485207,34947143,4042709,5458437,2099224,10347231,83317584,331246382,59284599
2020-12-31,45376763,25655289,8916845,11506938,6934015,211755692,38007166,8638169,19458310,1424929783,50407647,5111238,892006,10700155,83160877,5825337,47355685,1329479,5529545,67538482,67081234,10698597,4047680,9750153,269603400,1396387126,4977443,366462,9215113,59438845,126146099,51836239,2794885,630413,1900448,127792286,515330,17441500,5379472,5090200,38354173,10384846,19269469,146459803,35013414,4044210,5458827,2100126,10353444,83384688,331511512,59352940
2021-01-31,45412761,25658021,8919734,11510744,6929325,211885854,38025443,8643700,19476647,1425010089,50466791,5115554,892701,10683546,83163810,5827408,47353653,1329600,5530501,67555180,67076655,10687814,4033621,9746798,269823825,1397318519,4980277,366967,9228136,59413372,126092448,51828625,2796009,631217,1899118,127890632,515597,17449129,5381876,5091966,38338177,10386751,19257351,146410177,34938197,4039429,5457424,2100699,10358641,83448241,331554848,59403938
2021-02-28,45448760,25660754,8922624,11514550,6924636,212016016,38043721,8649231,19494985,1425090396,50525935,5119871,893397,10666937,83166743,5829479,47351621,1329721,5531457,67571878,67072077,10677032,4019563,9743443,270044250,1398249912,4983112,367472,9241160,59387899,126038797,51821011,2797134,632021,1897788,127988978,515864,17456758,5384280,5093733,38322181,10388656,19245234,146360551,34862981,4034648,5456021,2101272,10363838,83511794,331598185,59454936
2021-03-31,45484759,25663486,8925513,11518357,6919946,212146178,38061999,8654762,19513323,1425170703,50585079,5124187,894093,10650328,83169676,5831550,47349589,1329842,5532413,67588577,67067498,10666250,4005505,9740088,270264675,1399181305,4985947,367977,9254184,59362427,125985146,51813398,2798258,632825,1896458,128087324,516132,17464387,5386684,5095500,38306185,10390561,19233117,146310926,34787765,4029868,5454618,2101846,10369036,83575347,331641522,59505934
2021-04-30,45520757,25666219,8928403,11522163,6915257,212276341,38080276,8660293,19531661,1425251010,50644224,5128504,894789,10633720,83172610,5833621,47347557,1329963,5533370,67605275,67062920,10655468,3991447,9736733,270485100,1400112698,4988782,368482,9267208,59336954,125931496,51805784,2799383,633630,1895128,128185670,516399,17472016,5389088,5097266,38290190,10392466,19220999,146261300,34712549,4025087,5453215,2102419,10374233,83638900,331684859,59556932
2021-05-31,45556756,25668951,8931292,11525970,6910567,212406503,38098554,8665824,19549998,1425331317,50703368,5132820,895485,10617111,83175543,5835692,47345525,1330084,5534326,67621974,67058341,10644686,3977388,9733378,270705525,1401044091,4991616,368987,9280232,59311481,125877845,51798171,2800507,634434,1893798,128284016,516666,17479645,5391492,5099033,38274194,10394371,19208882,146211675,34637333,4020306,5451812,2102993,10379430,83702453,331728196,59607930
2021-06-30,45592755,25671684,8934182,11529776,6905878,212536665,38116832,8671355,19568336,1425411624,50762512,5137137,896181,10600502,83178476,5837763,47343493,1330205,5535282,67638672,67053763,10633904,3963330,9730023,270925950,1401975484,4994451,369492,9293256,59286009,125824194,51790557,2801632,635238,1892468,128382362,516934,17487274,5393896,5100800,38258198,10396276,19196765,146162049,34562117,4015526,5450409,2103566,10384628,83766007,331771533,59658928
2021-07-31,45628753,25674416,8937072,11533582,6901189,212666827,38135109,8676886,19586674,1425491930,50821656,5141454,896877,10583893,83181409,5839834,47341461,1330326,5536238,67655370,67049184,10623121,3949272,9726668,271146375,1402906877,4997286,369997,9306280,59260536,125770543,51782943,2802757,636042,1891138,128480708,517201,17494903,5396300,5102566,38242202,10398181,19184647,146112423,34486901,4010745,5449006,2104139,10389825,83829560,331814869,59709926
2021-08-31,45664752,25677149,8939961,11537389,6896499,212796990,38153387,8682417,19605012,1425572237,50880801,5145770,897573,10567285,83184343,5841905,47339429,1330447,5537195,67672069,67044606,10612339,3935214,9723313,271366800,1403838270,5000121,370502,9319304,59235063,125716893,51775330,2803881,636847,1889808,128579054,517468,17502532,5398704,5104333,38226207,10400086,19172530,146062798,34411685,4005964,5447603,2104713,10395022,83893113,331858206,59760924
2021-09-30,45700751,25679881,8942851,11541195,6891810,212927152,38171665,8687948,19623349,1425652544,50939945,5150087,898269,10550676,83187276,5843976,47337397,1330568,5538151,67688767,67040027,10601557,3921155,9719958,271587225,1404769663,5002955,371007,9332328,59209591,125663242,51767716,2805006,637651,1888478,128677400,517736,17510161,5401108,5106100,38210211,10401991,19160413,146013172,34336469,4001184,5446200,2105286,10400220,83956666,331901543,59811922
2021-10-31,45736749,25682614,8945740,11545002,6887120,213057314,38189942,8693479,19641687,1425732851,50999089,5154403,898965,10534067,83190209,5846047,47335365,1330689,5539107,67705466,67035449,10590775,3907097,9716603,271807650,1405701056,5005790,371512,9345352,59184118,125609591,51760103,2806130,638455,1887148,128775746,518003,17517790,5403512,5107866,38194215,10403896,19148295,145963547,34261253,3996403,5444797,2105860,10405417,84020219,331944880,59862920
2021-11-30,45772748,25685346,8948630,11548808,6882431,213187476,38208220,8699010,19660025,1425813158,51058233,5158720,899661,10517458,83193142,5848118,47333333,1330810,5540063,67722164,67030870,10579993,3893039,9713248,272028075,1406632449,5008625,372017,9358376,59158645,125555940,51752489,2807255,639259,1885818,128874092,518270,17525419,5405916,5109633,38178219,10405801,19136178,145913921,34186037,3991622,5443394,2106433,10410614,84083772,331988217,59913918
2021-12-31,45808747,25688079,8951520,11552615,6877742,213317639,38226498,8704542,19678363,1425893465,51117378,5163037,900357,10500850,83196076,5850189,47331302,1330932,5541020,67738863,67026292,10569211,3878981,9709893,272248500,1407563842,5011460,372523,9371400,59133173,125502290,51744876,2808380,640064,1884488,128972439,518538,17533048,5408320,5111400,38162224,10407707,19124061,145864296,34110821,3986842,5441991,2107007,10415812,84147326,332031554,59964917
2022-01-31,45844253,25712317,8959964,11559962,6858207,213443547,38285115,8710476,19690879,1425892954,51164487,5167231,901072,10522406,83246235,5855221,47354946,1332424,5542277,67755840,67049021,10551882,3876899,9704322,272466050,1408364619,5018857,373313,9384500,59117110,125455998,51735146,2810431,641151,1884061,129067932,518933,17547218,5412387,5112458,38134318,10410751,19112284,145812752,33949521,3994041,5441137,2107150,10421739,84216708,332136220,60018256
2022-02-28,45879760,25736555,8968409,11567310,6838672,213569455,38343732,8716411,19703396,1425892443,51211597,5171426,901788,10543962,83296394,5860253,47378590,1333916,5543534,67772817,67071751,10534554,3874817,9698752,272683600,1409165397,5026254,374103,9397600,59101048,125409706,51725416,2812483,642238,1883635,129163425,519328,17561388,5416454,5113516,38106412,10413796,19100508,145761209,33788221,4001241,5440284,2107294,10427666,84286091,332240887,60071596
2022-03-31,45915267,25760793,8976854,11574658,6819137,213695364,38402349,8722345,19715913,1425891932,51258706,5175621,902504,10565518,83346553,5865286,47402235,1335409,5544792,67789794,67094481,10517225,3872735,9693181,272901150,1409966175,5033652,374893,9410700,59084985,125363414,51715686,2814535,643325,1883209,129258918,519723,17575559,5420522,5114575,38078506,10416840,19088731,145709666,33626921,4008441,5439431,2107438,10433594,84355474,332345554,60124935
2022-04-30,45950774,25785031,8985298,11582006,6799602,213821272,38460966,8728280,19728429,1425891421,51305816,5179815,903219,10587075,83396713,5870318,47425879,1336901,5546049,67806772,67117210,10499897,3870654,9687611,273118700,1410766952,5041049,375683,9423800,59068923,125317123,51705956,2816586,644412,1882783,129354411,520119,17589729,5424589,5115633,38050601,10419885,19076955,145658122,33465622,4015641,5438578,2107582,10439521,84424857,332450221,60178275
2022-05-31,45986281,25809269,8993743,11589353,6780067,213947181,38519583,8734214,19740946,1425890910,51352925,5184010,903935,10608631,83446872,5875350,47449523,1338393,5547306,67823749,67139940,10482568,3868572,9682040,273336250,1411567730,5048447,376473,9436900,59052860,125270831,51696226,2818638,645499,1882357,129449904,520514,17603899,5428657,5116691,38022695,10422929,19065178,145606579,33304322,4022840,5437724,2107725,10445449,84494239,332554888,60231614
2022-06-30,46021788,25833507,9002188,11596701,6760532,214073089,38578200,8740149,19753463,1425890400,51400035,5188205,904651,10630187,83497031,5880383,47473168,1339886,5548564,67840726,67162670,10465240,3866490,9676470,273553800,1412368508,5055844,377264,9450000,59036798,125224539,51686496,2820690,646586,1881931,129545397,520909,17618070,5432724,5117750,37994789,10425974,19053402,145555036,33143022,4030040,5436871,2107869,10451376,84563622,332659555,60284954
2022-07-31,46057295,25857745,9010632,11604049,6740997,214198997,38636817,8746084,19765979,1425889889,51447144,5192399,905366,10651743,83547190,5885415,47496812,1341378,5549821,67857703,67185399,10447912,3864408,9670900,273771350,1413169285,5063241,378054,9463100,59020736,125178247,51676766,2822741,647673,1881504,129640890,521304,17632240,5436791,5118808,37966883,10429018,19041625,145503492,32981722,4037240,5436018,2108013,10457303,84633005,332764222,60338294
2022-08-31,46092802,25881983,9019077,11611397,6721462,214324906,38695434,8752018,19778496,1425889378,51494254,5196594,906082,10673300,83597350,5890447,47520456,1342870,5551078,67874681,67208129,10430583,3862327,9665329,273988900,1413970063,5070639,378844,9476200,59004673,125131956,51667036,2824793,648760,1881078,129736383,521700,17646410,5440859,5119866,37938978,10432063,19029849,145451949,32820423,4044440,5435165,2108157,10463231,84702388,332868889,60391633
2022-09-30,46128309,25906221,9027522,11618744,6701927,214450814,38754051,8757953,19791013,1425888867,51541363,5200789,906798,10694856,83647509,5895480,47544101,1344363,5552336,67891658,67230859,10413255,3860245,9659759,274206450,1414770841,5078036,379634,9489300,58988611,125085664,51657306,2826845,649847,1880652,129831876,522095,17660581,5444926,5120925,37911072,10435107,19018072,145400406,32659123,4051639,5434311,2108300,10469158,84771770,332973556,60444973
2022-10-31,46163816,25930459,9035966,11626092,6682392,214576723,38812668,8763887,19803529,1425888356,51588473,5204983,907513,10716412,83697668,5900512,47567745,1345855,5553593,67908635,67253588,10395926,3858163,9654188,274424000,1415571618,5085434,380424,9502400,58972548,125039372,51647576,2828896,650934,1880226,129927369,522490,17674751,5448994,5121983,37883166,10438152,19006296,145348862,32497823,4058839,5433458,2108444,10475086,84841153,333078223,60498312
2022-11-30,46199323,25954697,9044411,11633440,6662857,214702631,38871285,8769822,19816046,1425887845,51635582,5209178,908229,10737968,83747827,5905544,47591389,1347347,5554850,67925612,67276318,10378598,3856081,9648618,274641550,1416372396,5092831,381214,9515500,58956486,124993080,51637846,2830948,652021,1879800,130022862,522885,17688921,5453061,5123041,37855260,10441196,18994519,145297319,32336523,4066039,5432605,2108588,10481013,84910536,333182890,60551652
2022-12-31,46234830,25978935,9052856,11640788,6643323,214828540,38929902,8775757,19828563,1425887335,51682692,5213373,908945,10759525,83797987,5910577,47615034,1348840,5556108,67942590,67299048,10361270,3854000,9643048,274859100,1417173174,5100229,382005,9528600,58940424,124946789,51628117,2833000,653108,1879374,130118356,523281,17703092,5457129,5124100,37827355,10444241,18982743,145245776,32175224,4073239,5431752,2108732,10486941,84979919,333287557,60604992
